lake_id,NAME,COUNTRY,MAX DISTANCE TO LAND (KM),LAT CENTRE,LON CENTRE,N PIXELS LSWT_mean,N PIXELS LSWT_std,N PIXELS CLIM_mean,N PIXELS CLIM_std,LSWT_spatial_mean,LSWT_spatial_std,PIXELS_PERCENTAGE_mean,PIXELS_PERCENTAGE_std,max_N_no_obs_consecutive_days,N_no_obs_consecutive_days_mean,N_no_obs_consecutive_days_std,longest_duration_days,Freq_Rank,N_obs_days_mean,N_obs_days_std,selection,Insitu-only flag,LIC-only flag,LSWT-only flag,UOR_selection_flag,UOR_LIC_with_insitu_flag,lake_cluster_flag,Form ice flag
2, lake Superior,"United States,Canada",73.5,47.9625,-87.0431,36404.17682437851,39475.57310604454,141076.88220518245,1211.9153286117112,0.6975355519914461,0.3655668278258108,25.585033646347533,27.743625985539428,8,1.3053977272727273,0.6860413126934175,15856.0,1.0,325.30434782608694,14.284240466041572,1,1,0,0,1,0,,1
5, lake Huron,"Canada,United States",73.3,44.7208,-82.3458,25611.411731765365,27408.382120742353,96379.6143053645,2485.365980554937,0.683530029399412,0.29559131328602395,25.955582759151714,27.77670117836754,10,1.3733624454148472,0.854163987499835,15472.0,1.0,310.5652173913044,16.841037775614772,1,1,0,0,1,0,,1
6, lake Michigan,United States,63.8,42.6042,-87.0153,26663.311068440544,26694.67598633543,93322.32139962172,1233.2587724766427,0.717657385818132,0.3005553059376375,28.3869677502348,28.420360261408067,11,1.3151658767772512,0.8803851731223187,15730.0,1.0,317.0,17.46685172235996,1,1,0,0,1,0,,1
8, lake Baykal/Baikal,Russian Federation,33.7,54.1736,108.9736,17608.162564102564,16937.009678424685,59294.00067396799,10594.96710421188,0.7610241025641026,0.362423789007227,28.024195575666162,26.956025080253173,102,4.777153558052435,15.1621992807394,15638.0,3.0,254.34782608695653,18.242330133391736,1,0,1,0,0,0,,1
9, Great Bear lake,Canada,39.4,66.0125,-120.3764,23491.19586312564,25895.911252209626,83825.3274868454,11208.535957676615,0.7918495914198161,0.3022006820174932,26.745905048474498,29.483794164030517,191,15.1010101010101,45.68730528603719,,,170.2608695652174,13.5821319497491,1,0,1,0,0,0,,1
11, Great Slave lake,Canada,44.6,61.3347,-114.7958,17907.579160451736,19301.59244663755,62282.67333193012,13304.22830261919,0.8861760068186663,0.36781352668590384,26.050798156052046,28.078719318365447,154,8.583333333333334,28.713503404805515,10714.0,2.0,204.04347826086956,11.202590044959024,1,1,0,0,1,0,,1
12, lake Erie,"United States,Canada",45.6,42.2514,-81.1292,11555.116608939468,12423.06088268558,40651.58398376522,55.24520645573104,0.5677859145637474,0.24682434916286997,28.270781711495296,30.394296681637123,22,1.6844380403458212,1.477931771459344,15439.0,1.0,263.60869565217394,21.99119478839983,1,1,0,0,1,0,,1
13, lake Winnipeg,Canada,40.1,53.4153,-98.4236,14144.568703156938,14386.629953229818,44913.15251261795,4483.114355613253,0.7020267999091528,0.32953167822053614,30.851004848972558,31.3789695367951,159,6.438003220611916,23.83750894552214,7812.0,2.0,191.43478260869566,13.53052470579871,1,1,0,0,1,0,,1
15, lake Ontario,"Canada,United States",36.1,43.6653,-77.7625,9702.900711413547,9387.703397613037,31062.59144144144,162.72844781017886,0.7023733374574699,0.31622875230435893,30.780384834608213,29.78048852461076,11,1.4827586206896552,0.9222087715720237,11785.0,2.0,281.1304347826087,20.532245920250524,1,1,0,0,1,0,,1
16, lake Ladoga,Russian Federation,56.3,60.7653,31.6486,13636.741901776384,13559.013942674079,41004.69767049291,1040.9732664531666,0.706481017067224,0.35936609487605603,32.61520150624569,32.429298372854305,67,2.3468667255075024,4.236674387399915,,,249.65217391304347,23.88915443469574,1,0,1,0,0,0,,1
17, lake Balqhash,Kazakhstan,25.4,46.2903,74.4764,12317.237323214902,9454.430787457566,27935.42410412441,2963.270153996418,0.624039668851328,0.27677998680623195,42.58041733748713,32.68375838302468,111,5.573875802997859,15.588127673924776,,,252.08695652173913,18.720220092621922,1,0,1,0,0,0,,1
20, lago Titicaca,"Bolivia Plurinational State of,Peru",23.4,-15.7681,-69.4569,3697.3932236520604,3105.1738906166697,8918.907333537894,42.64980643412816,0.3724194494217299,0.21612627810369692,40.94112749033397,34.38350006219315,20,1.778301886792453,1.7077056981903118,,,266.9130434782609,43.909941971637465,1,0,0,1,0,0,,0
21, lago Nicaragua/Cocibolca/Granada,Nicaragua,25.1,11.3569,-85.2431,1403.018439716312,1860.4125835936454,9388.993518185092,42.682714053916584,0.29172056737588653,0.13287698275146143,14.804457525760386,19.630817596218687,238,13.178082191780822,34.5826753941609,,,30.652173913043477,13.8091165396177,1,0,0,1,1,0,,0
25, Issyk Kul,Kyrgyzstan,26.9,42.4236,77.3653,4534.796128071482,3316.559208652095,9821.053233039202,6.205424493810238,0.5592418466120626,0.2304549777270494,46.019851106875194,33.65698405370498,56,1.556786703601108,2.02961854730869,7192.0,3.0,291.95652173913044,33.981918000432856,1,1,0,0,1,0,,1
26, Great Salt lake,United States,15.0,41.2847,-112.6875,2281.274020275382,1732.0843504712188,7879.746242000298,173.22823524457422,0.7232597972461795,0.28450283590720993,26.53569873531909,20.14754391614763,25,1.6516129032258065,1.7034282801032823,,,287.3478260869565,18.833260461341876,1,0,0,0,0,0,,1
44, lake of the Woods,"United States,Canada",11.8,49.0847,-94.9458,1426.2161054172768,1330.7193090471987,4969.285830840359,312.5358349820524,0.5623628111273792,0.3074232675953401,21.837637504475225,20.375429628651062,153,4.475763016157989,17.279460456904324,7635.0,2.0,148.47826086956522,19.216161676183344,1,1,1,0,1,1,,1
51, lake Van,Turkey,17.7,38.6292,42.7292,2601.854082223509,1777.0888483693032,5410.463140123804,3.7127274871201186,0.4682708453966416,0.22903079614113617,48.004687863902376,32.78761712858506,15,1.5188199389623602,1.0756728387770143,,,300.3478260869565,26.441373736235573,1,0,1,0,0,0,,1
52, represa de Tucurui,Brazil,6.4,-4.1347,-49.6208,78.95589558955895,201.36571283438704,1771.3917426788287,241.34430817876205,0.28868676867686766,0.22500887869468844,2.456624007142469,6.2652679786679135,104,7.023121387283237,9.821599662447479,1622.0,2.0,48.30434782608695,9.072610041461436,1,1,0,0,1,0,,0
81, lake Bangweulu and lake Walilupe and lake Chifunabuli,Zambia,9.7,-10.9792,29.9042,1295.688154450262,724.1586143881283,2301.384668828161,28.847405780472798,0.27415281413612563,0.1334674686339983,54.85555268629388,30.6587050968725,168,6.032731376975169,18.780664940559404,,,132.8695652173913,31.72940183349605,1,0,0,1,1,0,,0
84, lago Mar Chiquita,Argentina,25.7,-30.4931,-62.4819,2987.1259654284663,2367.149031082091,8253.081697171381,55.67910652503639,0.6043558293490254,0.2474597670355882,35.371533042373784,28.030183908609803,15,2.03363074811256,1.8077375245543448,,,236.43478260869566,25.144719465447363,1,0,0,1,1,0,,0
88, Zeyskoye reservoir,Russian Federation,10.9,54.4347,127.7042,1395.7910447761194,1174.6223537578749,3950.2502266545785,571.9204693138487,0.7632540558079169,0.41785640829519444,30.010557832210694,25.255264540053183,182,6.5424354243542435,25.864244553905518,6793.0,3.0,134.0,12.195379154715638,1,0,1,0,0,0,,1
91, Nam lake,China,15.2,30.6958,90.4514,1153.3343081703529,896.4043305710911,2623.188980522899,296.3739886514532,0.40595503564247853,0.23396304452739491,42.184868623641286,32.78728348833549,85,2.8923988153998024,7.204478662916638,,,237.8695652173913,38.5902770936671,1,0,1,0,0,0,,1
109, Hung-tse lake,China,9.6,33.2847,118.7236,851.0072423398328,620.9292171665302,2079.5335284077055,54.55501729591017,0.42544791086350975,0.23527763089529374,37.588659113950214,27.426202171666482,77,3.5689910979228485,5.95199539066392,,,156.08695652173913,24.130164154733542,1,0,0,0,0,0,,1
133, Poopo lake,Bolivia Plurinational State of,12.1,-18.9903,-66.9625,764.3773339827894,622.8570929819955,2476.8928963462445,73.10039529992794,0.8019495047897385,0.3276139216600456,28.953686893287475,23.59307170386353,165,1.8792958927074601,5.582319908835839,,,267.7826086956522,46.2266712876876,1,0,0,1,1,0,,0
146, lake Saint Clair,"Canada,United States",13.0,42.4125,-82.7181,743.5638653302493,593.7375509460908,1808.303969931877,11.71562182968705,0.5496939090208174,0.2651388783132811,39.826666595085655,31.801689927482112,60,2.73167777104785,3.825076908651808,7886.0,2.0,169.17391304347825,21.493449686977662,1,1,1,0,1,1,,1
165, lake Champlain,"United States,Canada",5.8,44.4653,-73.3153,385.585103724069,355.83303924459534,1740.7160018132365,155.14013319347413,0.5213524118970257,0.28763586924235734,19.183338493734777,17.703136280825618,65,2.448525319977741,3.180744147041062,2312.0,1.0,173.95652173913044,29.2395719730977,1,1,0,0,1,0,,1
170, Selawik lake,United States,12.3,66.4764,-160.6569,1486.112970711297,1178.708365113147,3089.3319897398314,231.40317326846483,0.8004165081780145,0.6042404930247439,47.32843855768461,37.538482965386905,242,11.544,43.27031388839235,,,114.30434782608695,16.961010858084588,1,0,1,0,0,0,,1
171, lago Viedma,Argentina,9.0,-49.6958,-72.2014,1062.1537496077817,686.7033262144688,2174.8331539289557,3.0200288043700416,0.5666684970191402,0.25027057397304897,47.844763495846024,30.932582261913076,24,1.4406538734896943,1.1394566587682764,,,277.1304347826087,23.15227133531805,1,0,0,1,1,0,,0
174, Island lake,Canada,2.2,53.7903,-94.5014,138.1316889632107,121.050810969858,781.0674680108569,64.57611460448186,0.6048950668896321,0.366869268383706,8.703950155211764,7.627650344666535,189,6.063572149344097,22.887717744823128,,,104.0,9.811866655877834,1,0,1,0,0,0,,1
177, lake Imandra et al,Russian Federation,3.6,67.5653,32.8792,630.34410430839,671.5815428634686,2657.595025682617,842.8333331129529,0.70075,0.3622156088468811,18.923569627991295,20.161559377468265,137,4.829534192269574,16.01327125154292,6817.0,3.0,153.3913043478261,12.093345767723154,1,0,1,0,0,0,,1
198, lake Nipissing,Canada,9.0,46.2569,-79.5958,487.063497957668,398.975533433502,1348.3832081019275,68.72008558190629,0.5124433717044189,0.2898437919037094,32.976540146084496,27.01256150531497,157,4.537360890302066,15.60315548469652,8219.0,1.0,117.08695652173913,16.497694173534622,1,1,1,0,1,1,,1
223, lac Pipmuacan,Canada,3.0,49.5875,-70.4403,126.53465765004226,120.77142224249394,740.0182595182595,85.01714269374287,0.6463271344040575,0.39653942524144076,10.898764655473062,10.402361950257877,171,5.180257510729613,17.74686446155912,,,102.8695652173913,13.246969971987376,1,0,1,0,0,0,,1
227, Garry lake and Upper Macdougall lake,Canada,5.4,65.8847,-99.8542,551.9485546300833,546.3683952540343,2952.5100514258997,251.45728169091774,0.9695232729054386,0.5796210066460331,13.571393032458403,13.434187244997144,255,12.979591836734693,48.975416488699366,,,88.73913043478261,11.619800464975715,1,0,1,0,0,0,,1
236, lake Simcoe,Canada,8.4,44.4625,-79.3569,441.45186136071885,354.96891993317473,1228.3922241280732,66.87401432089709,0.48539730423620037,0.2696504259426062,34.67807237711853,27.884439900485077,116,3.6373021335168616,9.343040228159081,8305.0,2.0,135.47826086956522,22.03482690737426,1,1,1,0,1,1,,1
257, laguna de Caratasca and laguna Warunta,Honduras,6.0,15.2958,-83.7236,139.7766209181259,153.31790502874142,810.3981873111783,10.538868597805422,0.39014150496923805,0.21251739756101226,16.444308343308926,18.037400591616635,86,3.8341463414634145,5.113283025186201,,,91.8695652173913,11.545579035150942,1,0,0,1,1,0,,0
275, Clinton-Colden lake,Canada,3.1,63.9542,-107.4653,255.03763752171395,234.71725372612255,1124.6955161626695,75.00814138193779,0.8056670526925304,0.5295100588350263,17.13962617753454,15.774008986970593,248,10.593650793650793,41.000231795767036,,,75.08695652173913,15.10542660911893,1,0,0,0,0,0,N1,1
295, lake Taupo,New Zealand,9.6,-38.7958,175.9292,388.9248,288.0347297570694,932.3373791400946,2.4243576303432115,0.36695679999999997,0.23170742298489433,41.5074493062967,30.740099227008425,26,2.4669117647058822,2.2306099737425256,10308.0,2.0,190.2173913043478,45.63487155647844,1,1,0,0,1,0,,0
298, Kentucky lake,United States,2.1,36.4208,-88.0625,104.70485744456177,95.2405596444037,579.8940336328035,26.35369689380026,0.5180522703273495,0.2565996192053038,12.645514184125817,11.502483048840999,24,2.657258064516129,2.284624593337174,,,164.69565217391303,20.66933341628408,1,0,1,0,0,0,,1
310, lake Balaton,Hungary,6.0,46.9792,18.0736,390.16880691104365,293.81142334457223,998.3781795249107,1.0596839106413618,0.4411368199859911,0.21558308765796108,38.97790278831605,29.35179054391332,51,2.5834378920953576,3.425804612039204,11993.0,1.0,186.2173913043478,31.641394811427766,1,1,1,0,1,1,,1
311, Atlin lake,Canada,4.0,59.3625,-133.6875,296.1192917054986,276.32944382821273,1227.0405056018385,113.68331604650945,0.6297216526871698,0.3225267640817407,21.661981836539766,20.21429728077635,176,4.179032258064516,14.830065767769838,,,139.95652173913044,29.10713480304593,1,0,1,0,0,0,,1
314, lake Upemba,Congo The Democratic Republic of the,10.3,-8.6181,26.4125,442.62025316455697,226.64318997183972,728.0652828925344,8.261148464778836,0.2330940325497287,0.11302525239291214,60.22044260742272,30.83580815943392,240,10.839228295819936,35.796223974763286,,,72.1304347826087,22.905545870390284,1,0,0,0,0,0,N5,0
318, Keban dam,Turkey,3.9,38.6569,39.5069,181.35077519379846,107.97534978674469,666.6530837004406,10.580522234596993,0.5954245801033592,0.2829305231904461,21.360515334958592,12.717944615635457,19,2.132239382239382,1.8890262257820252,,,269.2173913043478,22.783479903687653,1,0,0,1,1,0,,1
319, South Henik lake,Canada,6.2,61.5347,-97.4069,421.76120249574586,374.4017494058281,1281.1415836392239,69.10647597913491,0.8189449801474757,0.610164009911703,30.966314427000434,27.489115228034375,248,10.917763157894736,43.08933285075151,,,76.65217391304348,13.89443543179713,1,0,1,0,0,0,,1
321, laguna Larga,Bolivia Plurinational State of,2.4,-12.7958,-65.7569,26.944408532643827,17.844904968467617,105.39909297052154,5.971985346372438,0.3057310924369748,0.1840934154117549,21.906023197271406,14.50805281989237,164,6.930232558139535,16.262824481242376,,,67.26086956521739,9.041406725345482,1,0,0,0,0,0,N3,0
327, lake Geneva/lac Leman,Switzerland,6.2,46.4569,6.5847,392.9216753926702,294.48110289741476,981.6020666796646,1.1882827983327302,0.4347962303664922,0.237799578320797,39.971686204747726,29.957385849177413,17,2.186972255729795,1.73692576068887,11902.0,5.0,207.6086956521739,30.923276214814425,1,1,0,0,1,0,,1
335, reservoir La Grande 4,Canada,3.6,53.8986,-73.2681,226.3213728549142,228.9327605227569,1134.8175252768417,106.09174566436212,0.7375491419656787,0.5149017202659378,14.452194946035393,14.618950224952549,201,6.733887733887734,25.73751792136276,,,83.6086956521739,11.134463821171643,1,0,1,0,0,0,,1
375, Flathead lake,United States,5.9,47.8653,-114.1181,327.7759064327485,237.79398489218298,850.1181858802503,8.300454045188086,0.47905801169590645,0.25606199421050224,37.762201201929564,27.39562037928372,30,2.6047979797979797,2.611479554627672,,,185.8695652173913,22.37552304685978,1,0,1,0,0,0,,1
380, lake Tahoe,United States,8.2,39.1181,-120.0542,430.04755784061695,228.6376056910162,753.276639023627,1.4108290222156632,0.3697014781491003,0.22731441807411723,56.734506311427054,30.16327251860385,18,1.7556451612903226,1.4802355097794644,19135.0,3.0,270.60869565217394,37.02055833088467,1,1,0,0,1,0,,1
395, Princess Mary lake,Canada,4.6,63.9542,-97.5319,330.2173403632103,312.18662352103826,1175.3105522143248,69.2025758362751,0.7586162858816637,0.4416636124711192,26.375186929968873,24.935033827558954,250,11.138103161397671,42.52499582926347,,,74.21739130434783,14.942181055774869,1,0,1,0,0,0,,1
423, lac Saint Pierre/Saint Peter lake,Canada,6.5,46.2014,-72.8236,239.25024826216486,164.65370525161023,577.5521636040309,37.94165289456547,0.47729195630585897,0.23880986125499193,36.638629136625546,25.214962519388948,104,3.662355343771273,8.38669438960038,,,131.34782608695653,18.514389233665046,1,0,1,0,0,0,,1
443, lago Cardiel,Argentina,8.0,-48.9264,-71.2125,344.7080658105939,195.85703247401443,639.6670590543457,0.7569664960505099,0.4385248796147672,0.23794423958334962,53.8606352829053,30.602661324064787,24,1.7965299684542586,1.4581900211015957,,,216.69565217391303,29.439359526458173,1,0,0,1,1,0,,0
463, Pulicat lake,India,6.1,13.5431,80.2069,134.3339292098677,105.52458390168837,448.042189281642,8.648405164341174,0.39742116553450124,0.19550138566753367,26.65355738291026,20.937417440811164,50,3.740987983978638,5.109449826406024,,,121.6086956521739,15.764572278702484,1,0,0,1,1,0,,0
488, Scutari/Skadarsko lake,"Albania,Montenegro",6.3,42.1931,19.2931,286.4052812858783,177.914186887527,591.34095349746,13.736841278649813,0.38808564867967854,0.19904743357161725,45.46115575966322,28.24034712500435,37,2.524017467248908,2.405263687116398,,,189.34782608695653,32.346994655471576,1,0,0,1,1,0,,1
492, Manukau harbour,New Zealand,5.5,-37.0542,174.7292,178.98907103825135,125.42677750511963,466.9761948699022,5.2823548031337415,0.5576044106167057,0.2541915006075696,34.223531747275594,23.98217543118928,31,1.931054802592811,1.60305641556405,,,222.7826086956522,23.788760756708637,1,0,0,1,1,0,,0
505, lago di Garda,Italy,5.2,45.5319,10.6542,258.20778334091943,174.88933465157714,609.8719840478565,1.4934916482175762,0.41482294037323625,0.2316090797444687,41.84891140047316,28.345110964599257,20,2.3175245806824756,2.0430133174768326,7476.0,2.0,191.04347826086956,33.67556203333315,1,1,0,0,1,0,,0
513, lago Canacari,Brazil,5.1,-2.9181,-58.2069,85.1,104.12860638012336,413.3430894308943,26.787272979853707,0.2395,0.12787602503119094,16.524271844660195,20.219146869926863,2658,762.8181818181819,946.3981305389415,,,0.43478260869565216,1.1994728750020203,1,0,0,1,1,0,,0
523, Utah lake,United States,6.1,40.2042,-111.8014,242.9844396297026,158.30698285817022,554.2677657760091,4.7716357534049285,0.5516836714595234,0.2587263136093687,43.00609550968187,28.018935019145147,75,2.5608628659476116,5.822866289779619,,,220.7391304347826,31.29074418956441,1,0,1,0,0,0,,1
546, lake Pend Oreille,United States,4.4,48.1681,-116.3292,207.5377335598156,142.51292769023695,563.566163003663,5.360826942947984,0.4843550109196797,0.26377801678786617,34.41753458703409,23.633984691581514,28,2.7828348504551363,2.8022685914828815,,,179.17391304347825,22.51393946771047,1,0,1,0,0,0,,1
571, lake Francis Case and  lake Sharpe,United States,2.2,44.2014,-99.6764,96.07080610021787,90.84410338397174,780.2077602135085,46.29168246936744,0.7301644880174292,0.3783803433106274,9.568805388467915,9.048217468523081,65,2.477893368010403,3.792209210821922,,,199.56521739130434,24.035629021321515,1,0,1,0,0,0,,1
586, lake Malombe,Malawi,7.3,-14.6347,35.2542,229.9860465116279,107.06858853517858,378.13519122442926,1.9365952563021376,0.26056877076411966,0.11990246793389853,60.52264381884945,28.175944351362798,187,8.14167650531287,21.802835480040926,,,65.43478260869566,26.898506357580054,1,0,0,1,1,0,,0
604, Shala lake,Ethiopia,6.9,7.4625,38.5458,158.12746858168762,96.21245157379356,365.0618790803293,6.344870771802355,0.35504667863554756,0.18007942419222983,42.507384027335384,25.86356225101982,187,6.770623742454728,15.09805983155928,,,72.65217391304348,27.57404691446482,1,0,0,0,0,0,N2,0
648, lago Rogaguado,Bolivia Plurinational State of,6.5,-13.0069,-65.9458,163.58199753390875,117.63674625971615,376.6081504702194,4.043291143179317,0.41430949445129467,0.24240779669267748,43.16147692187566,31.038719329740392,276,15.39553752535497,45.22537365547121,,,35.26086956521739,10.17669972983896,1,0,0,0,0,0,N3,0
674, lake Kisale,Congo The Democratic Republic of the,6.3,-8.2486,26.5125,202.64566929133858,103.64917549331291,381.65400526513724,10.351273623558045,0.2429785254115963,0.10612723264958172,48.830281756949056,24.975704938147693,253,12.159722222222221,40.15286125034561,,,60.73913043478261,21.011290019901093,1,0,0,0,0,0,N5,0
679, Vortsjarv,Estonia,6.2,58.3042,26.0347,240.48613998614,176.14132791262057,576.4587835751776,15.837698355288573,0.4390720720720721,0.24493515076317493,40.89900339900339,29.95600814840481,153,4.443996776792909,12.347975062145386,20057.0,2.0,125.47826086956522,22.84904924462721,1,1,1,0,1,1,,1
688, Song-Kul,Kyrgyzstan,7.2,41.8458,75.1264,197.98951285520974,131.23476680582078,447.2759295499022,24.470607355346996,0.442797699594046,0.2420872820354301,43.80298956973667,29.034240443765697,196,7.1644736842105265,29.83988942738866,,,128.52173913043478,22.677320599339275,1,0,1,0,0,0,,1
829, Langano lake,Ethiopia,6.9,7.5986,38.7597,133.98203592814372,78.3000617952719,280.17448310640447,2.4080182205307303,0.6037756794104099,0.2913681834392332,47.17677321413511,27.570444294109826,171,5.715596330275229,12.297006231561774,,,94.3913043478261,30.955597423692335,1,0,0,1,1,0,N2,0
893, lake Neuchatel,Switzerland,3.6,46.9569,6.9375,142.24404761904762,100.0184656540434,368.2738853503185,0.9287256908638045,0.4255530045351474,0.2509258885727807,38.34071364394814,26.95915516281493,43,3.0061690314620604,2.925344832190059,,,153.3913043478261,31.915711620162003,1,0,1,0,0,0,,1
905, Oneida lake,United States,4.2,43.1931,-75.8875,134.1334219858156,92.77956337011706,334.01125226860256,13.419312262736103,0.3845966312056738,0.2284426140386762,39.220298826261875,27.128527301203803,131,4.842395587076438,11.367369248109462,,,98.08695652173913,18.58864033239426,1,0,1,0,0,0,,1
917, lac Zimbambo,Congo The Democratic Republic of the,3.7,-8.0347,26.9208,46.66969446738233,37.12965754279746,168.49752140603874,12.72701408232263,0.21633278282411228,0.1215517197287901,22.87730120950114,18.200812520979166,275,12.547993019197207,42.37483221467186,,,52.65217391304348,20.884114658258525,1,0,0,0,0,0,N5,0
920, Telmen lake,Mongolia,5.1,48.8486,97.3514,146.9466714387974,97.94662512171315,372.9258517034068,9.95575811470637,0.4691431639226915,0.2743430265509319,37.87285346360758,25.243975546833234,178,6.087947882736156,23.94360629776441,,,121.47826086956522,18.717686252743057,1,0,1,0,0,0,,1
1046, lake Kabamba,Congo The Democratic Republic of the,4.3,-7.8819,27.0319,79.66855295068714,33.77814188948669,154.58859975216853,7.14074114012202,0.25272352465642683,0.11566975171022843,44.01577511087689,18.661956845020242,275,13.169117647058824,44.310743476686866,,,53.78260869565217,21.836076324491355,1,0,0,0,0,0,N5,0
1115, lake Neusiedl,"Hungary,Austria",3.6,47.8792,16.7875,78.87682807929802,57.52650861173991,227.92397660818713,2.2804880002380714,0.4128089047773806,0.2430231675369466,30.81126096847579,22.47129242646091,53,3.6844290657439447,4.716906180197821,16833.0,2.0,133.7826086956522,26.747908196443614,1,1,0,0,1,0,,1
1146, Abijata lake,Ethiopia,5.1,7.6208,38.6042,65.50047619047619,43.82293077061664,189.35823703305564,6.540844993974279,0.4984647619047619,0.25729266262614003,31.796347665279708,21.27326736437699,168,5.899812734082397,14.78492120696007,,,91.30434782608695,22.312725237179823,1,0,0,0,0,0,N2,0
1196, sea of Galilee,"Israel,Syrian Arab Republic",5.6,32.8292,35.5847,115.34934383202099,62.81896717349353,240.87265994651307,0.3595197147394655,0.289049343832021,0.17787121686272842,47.86279827054813,26.06596148277739,31,2.8079510703363915,2.8021067474144488,13849.0,3.0,165.65217391304347,57.466677060119075,1,1,0,0,1,0,,0
1204, Kasumigaura lake,Japan,3.7,36.0375,140.3958,104.80622164614388,56.14281430629895,231.0542570951586,3.434911051896474,0.306096889176928,0.17619101726269545,42.6041551407089,22.822282238332946,91,4.026515151515151,8.242538957256535,16030.0,2.0,134.17391304347825,25.83628909096844,1,1,0,0,1,0,,0
1241, rio Tefe,Brazil,3.7,-3.3347,-64.7736,133.33333333333334,84.34650753489046,300.57787810383746,14.53222843753404,0.4143333333333333,0.1711032826492038,40.52684903748734,25.637236332793453,3648,2099.5,1298.453792015719,,,0.13043478260869565,0.34435022157509093,1,0,0,1,1,0,,0
1307, lake Mainit,Philippines,4.6,9.4931,125.5181,53.904761904761905,39.1764020322244,165.2476038338658,2.6090983594340265,0.23323809523809522,0.10433163698605748,31.339977851605756,22.776977925711858,1834,380.90909090909093,520.4020219626456,,,0.9130434782608695,1.4744195615489715,1,0,0,1,1,0,,0
1437, laguna de Tansin,Honduras,4.3,15.2708,-83.9181,40.9296875,28.50174289290167,145.7832258064516,4.543965263616994,0.2865390625,0.1538318901613389,27.105753311258276,18.875326419140183,1052,65.14173228346456,133.1407830115784,,,5.565217391304348,3.3821199236374833,1,0,0,0,0,0,N1,0
1555, Indawngyi Natural lake,Myanmar,3.7,25.1208,96.3292,50.299549549549546,34.82907725047134,157.8186274509804,2.0392073767610492,0.21867004504504506,0.1274691656381987,31.43721846846847,21.768173281544588,276,14.760314341846758,42.93277878044718,,,38.608695652173914,24.082696788046395,1,0,0,1,1,0,,0
1771, lac Rweru,"Burundi,Rwanda",4.3,-2.3958,30.3153,67.82952815829528,33.814885846436255,151.69864864864866,3.536929103548269,0.3919193302891933,0.18203274935059405,42.39345509893455,21.134303654022652,266,14.209174311926606,27.88713011271945,,,28.565217391304348,12.104942968423053,1,0,0,1,1,0,,0
1774, lac Kabele,Congo The Democratic Republic of the,3.5,-8.9125,25.9597,59.82196231319038,26.55189997920547,140.96759608138657,5.8846562787181975,0.2470019493177388,0.10601174271313894,40.69521245795264,18.062516992656743,240,11.436666666666667,38.51687061823978,,,66.91304347826087,24.04713750396058,1,0,0,0,0,0,N5,0
1801,lac  Kabwe,Congo The Democratic Republic of the,4.3,-9.1819,26.0181,54.923268870867126,22.1256140659915,109.33370288248337,3.996656009661437,0.2420698689956332,0.12493492482036597,46.15400745451018,18.592952996631542,248,10.8768,36.71053284494792,,,69.69565217391305,24.658457488085087,1,0,0,0,0,0,N5,0
1902, Lake Maninjau,Indonesia,3.5,-0.2958,100.1931,50.15,28.507201306262765,109.75,2.844056452605373,0.24825000000000003,0.11448689881379441,44.38053097345132,25.227611775453774,2249,465.6111111111111,621.6246758730874,,,0.8695652173913043,1.5167053955587406,1,0,0,1,1,0,,0
1951, laguna Guachuna,Bolivia Plurinational State of,3.4,-13.1625,-65.7708,50.76623376623377,34.81063823738955,138.26809496236248,3.247859802707806,0.44297113997114,0.25991684258979614,36.26159554730983,24.86474159813541,276,18.05152224824356,50.27104209509475,,,30.130434782608695,9.545605118330572,1,0,0,0,0,0,N3,0
1955, lago do Acara,Brazil,3.1,-3.6542,-62.6903,59.8,6.300793600809346,96.71867612293144,7.17775698944974,0.27,0.09816567628249703,54.862385321100916,5.780544587898482,2914,1399.3333333333333,997.2720569411115,,,0.21739130434782608,0.5184348595120819,1,0,0,1,1,0,,0
1975, laguna de Epecuen,Argentina,4.7,-37.1181,-62.8986,97.55114678899082,44.370808660896905,237.17177266004649,5.023725384900649,0.3998692660550459,0.2194486320448739,36.95119196552683,16.807124492763684,19,2.293416572077185,2.0001849562940035,,,189.56521739130434,32.365562628645506,1,0,0,0,0,0,N6,0
2099, laguna del Monte,Argentina,4.3,-36.9903,-62.5042,101.06557007661108,52.044471195258375,219.56508069587088,0.7529874037289129,0.3823663812528166,0.1964775808356647,45.93889548936867,23.6565778160265,20,2.2934027777777777,2.034745182606518,,,192.95652173913044,34.982434892216155,1,0,0,0,0,0,N6,0
2965, lac Mandje,Gabon,2.6,-2.8042,10.3597,10.8,7.2080202244136045,46.963746223564954,3.8445415672970875,0.18889999999999998,0.0850156194799259,21.176470588235297,14.133372989046283,2397,762.8181818181819,761.0591684299188,,,0.43478260869565216,0.6623708763718501,1,0,0,1,1,0,,0
3007, cienaga de Ayapel,Colombia,3.1,8.3681,-75.0764,1.5,0.7071067811865476,118.32369942196532,7.871754218291177,0.0425,0.06010407640085655,0.8982035928143713,0.4234172342434417,4052,2799.6666666666665,943.9824621723059,,,0.08695652173913043,0.2881040655200304,1,0,0,1,1,0,,0
4503, lake Mendota,United States,2.5,43.1069,-89.4125,21.849593495934958,12.480905185217852,61.7166876839008,2.5757691739045327,0.33211737804878055,0.23712487715199157,30.346657633243,17.334590535024837,120,5.183722804190169,10.397580422712414,7855.0,2.0,85.56521739130434,18.539456908188896,1,1,1,0,1,1,,1
6785, Erken,Sweden,1.5,59.8458,18.5764,11.049494411921234,5.480937874961354,39.547135769057284,2.8709710674432785,0.27003618946248004,0.2063426531025817,20.848102664002326,10.341392216908222,149,5.934485896269336,13.347980833916893,12498.0,2.0,81.69565217391305,28.273718574947576,1,1,1,0,1,1,,1
12471, Trout lake,United States,1.4,46.0319,-89.6708,3.085209003215434,1.7939260208167942,14.880254777070064,2.7647433981212215,0.2637765273311897,0.28116071225335376,11.018603582912263,6.406878645774263,172,15.9079754601227,31.0770155828585,5884.0,2.0,27.043478260869566,11.291502278944773,1,1,1,0,1,1,,1
13377, Douglas lake,United States,1.5,45.5819,-84.7069,4.6368909512761025,2.7592831105672744,23.16997411561691,2.3134201664076297,0.29984106728538285,0.2753455546740618,17.173670189911487,10.21956707617507,186,11.670278637770897,25.086191030479636,3715.0,1.0,37.47826086956522,15.409175440205603,1,1,1,0,1,1,,1
300000140,Tuz,Turkey,13.9,38.6236,33.5208,356.750876607113,393.51365971897405,2348.0332414464083,185.11026957367451,0.893766905994323,0.42398328436110455,13.386524450548333,14.765990983826448,77,2.09375,3.520016547270134,,,260.39130434782606,39.46199452457652,1,0,0,1,1,0,,1
300000311, Fletcher lake,Canada,3.8,63.5764,-108.7458,78.75438596491227,56.31490954513708,262.3168380462725,15.897962393315806,0.6389195906432749,0.4694512735998735,19.837376817358255,14.185115754442599,271,12.022222222222222,44.68474014581863,,,59.47826086956522,15.153366158344284,1,0,1,0,0,0,,1
300000579, Francois lake,Canada,1.9,54.0431,-125.8542,86.97952127659575,75.50014741319555,454.29848484848486,12.637555250324148,0.590804255319149,0.37016184058252233,17.607190541821,15.28343065044448,81,2.829878048780488,4.857702958591477,,,163.47826086956522,27.410796753398586,1,0,1,0,0,0,,1
300000853, Bustillos,Mexico,3.7,28.5458,-106.7458,58.90048348106366,40.40340922986751,142.63859529491987,0.5877649217256551,0.8080273972602741,0.4473239009540697,41.189149287457106,28.254132328578656,734,7.13132530120482,34.96770774572684,,,107.91304347826087,96.21940507529382,1,0,0,1,1,0,,0
300000918, Huaytunas,Bolivia Plurinational State of,4.7,-12.9208,-65.5208,152.87544767210505,109.65626304560966,403.15862524785194,6.442828286110745,0.5008284918424195,0.26676025690795624,37.10569118254977,26.615597826604237,60,4.467374810318665,6.680782186223408,,,109.26086956521739,10.301003443197118,1,0,0,0,0,0,N3,0
300001118, ozero Palvozero,Russian Federation,2.7,62.5958,33.7875,75.21182700794351,51.944240451957384,234.99233252623083,8.826704954537707,0.6045198587819947,0.4038193034616849,30.327349599977218,20.945258246757017,174,6.147294589178356,20.538232291673115,,,98.52173913043478,14.99354274715192,1,0,0,0,0,0,N4,1
300001141, Zzzz,Finland,2.1,61.2875,24.1375,41.33036437246964,29.597915859000334,186.25330396475772,10.55314132715215,0.45431781376518215,0.28947510178763075,16.59853990862234,11.886713196385648,173,5.2026315789473685,16.29536022936028,15539.0,3.0,107.3913043478261,19.08769029894965,1,0,1,0,0,0,,1
300001612, Mtera,Tanzania United Republic of,6.2,-7.0375,35.8375,163.9484611626771,128.51737771832163,512.6364849409074,4.385037754365445,0.42962359550561796,0.19816358024303035,30.992147667802854,24.2944003248245,38,2.445769449176604,2.9006912354832806,,,178.0,20.597881620999942,1,0,0,1,1,0,,0
300001625, lake Tengano,Solomon Islands,4.6,-11.7847,160.4958,28.76091081593928,30.88411661752497,177.53432282003712,3.7518463490139937,0.25543074003795063,0.15942947963663434,15.137321482073304,16.254798219749997,134,15.654075546719682,19.61993798388034,,,22.91304347826087,5.599618846430214,1,0,0,1,1,0,,0
300001645, Dora,Australia,4.3,-22.0458,122.9375,69.78134845620669,59.38546750056975,319.0921052631579,37.538194309115504,1.0311884057971015,0.5034394292586987,17.019841086879676,14.484260365992633,369,14.049484536082474,45.26523921485002,,,69.0,49.122296363260546,1,0,0,1,1,0,,0
300002883, Bathurst lake,Canada,2.4,66.3042,-107.2625,71.16300940438872,53.74998107829222,220.67665078284548,7.992307657406254,0.6104576802507836,0.4270596199501279,30.542064122055244,23.06866140699237,257,12.076271186440678,42.55320832367781,,,55.47826086956522,13.993081294363723,1,0,1,0,0,0,,1
300004634, Upnuk,United States,2.3,60.3625,-158.8625,32.045630317092034,19.28815040339461,103.26043878273178,8.374644659831143,0.5020672853828306,0.3769730007599889,27.625543376803478,16.627715864995363,224,9.955182072829132,31.969579505560716,,,56.21739130434783,14.314507967091323,1,0,0,0,0,0,N7,1
300004816, Kulik,United States,1.5,59.8042,-158.8208,14.303083700440528,10.807018883534546,83.86428571428571,8.782238595004642,0.5098969162995595,0.4132585793247904,12.224857863624385,9.236768276525288,218,10.591836734693878,30.423342328448825,,,49.34782608695652,12.744370221082553,1,0,0,0,0,0,N7,1
300004882, lake Beverley,United States,2.4,59.6736,-158.7736,51.00779944289694,35.1998268435347,175.36858475894246,14.818944227117802,0.5542211699164346,0.39340409950172367,22.47039623035107,15.50653164913423,195,7.331853496115428,23.131956932471287,,,78.04347826086956,16.796856472321796,1,0,0,0,0,0,N7,1
300004974, lake Aleknagik,United States,1.9,59.3708,-158.9014,35.851657022619676,27.219035205458496,165.2042491549976,19.410697317246335,0.5174971067859022,0.3578220104686621,17.319641073729308,13.1492923697867,186,6.565656565656566,17.75419234381116,,,82.65217391304348,23.30939860316235,1,0,0,0,0,0,N7,1
300009807, Laguna Kohunta,Honduras,2.7,15.1875,-83.5875,8.760299625468164,7.415185224261884,53.3677639046538,4.439107155662879,0.27396379525593006,0.2084664899632023,13.687968164794007,11.586226912909265,180,10.242587601078167,17.865336878098116,,,34.82608695652174,6.596501648002133,1,0,0,0,0,0,N1,0
300010187, Las Habras,Bolivia Plurinational State of,4.2,-12.7542,-65.1042,39.909199522102746,22.18498275521052,92.36082474226804,1.8546434371965739,0.498379330943847,0.28877283705278833,42.913117765701884,23.854820166893116,174,6.788092835519677,16.415563838033222,,,72.78260869565217,11.536332021996381,1,0,0,0,0,0,N3,0
300010196, La Porfia,Bolivia Plurinational State of,2.6,-13.1292,-65.8208,25.105198019801982,14.54477694677207,71.29268292682927,2.2509064763763305,0.47583787128712873,0.3105137912635728,34.390682218906825,19.924351981879543,232,7.1496311907270815,20.057996846208884,,,70.26086956521739,14.184554311915056,1,0,0,0,0,0,N3,0
300010537, Alsina,Argentina,2.2,-36.8375,-62.0292,27.94655264564404,18.80969645443895,128.02207505518763,6.838168819787057,0.3984740780331374,0.24080179763296816,16.93730463372366,11.399816032993327,49,2.5825942350332594,2.590351089878734,,,162.69565217391303,33.63633692980459,1,0,0,0,0,0,N6,0
300010539, Cochico,Argentina,2.2,-36.9208,-62.3125,34.27326914259514,16.614643541179667,87.99676305567544,0.09850100972870769,0.41321572673085744,0.24458612937975063,38.94689675294902,18.880276751340514,16,2.2192307692307693,1.8441363747628818,,,189.65217391304347,29.918994720065186,1,0,0,0,0,0,N6,0
300010540, Venado,Argentina,3.3,-37.0208,-62.6708,38.82923558337058,19.40720833343871,113.59409515717927,2.0750378295147858,0.41245037997317835,0.2364100787796802,33.18738084048768,16.587357549947647,16,2.1926298157453936,1.8386238137567972,,,194.52173913043478,31.412026598418684,1,0,0,0,0,0,N6,0
300010866, Dolgoye,Russian Federation,2.2,71.5125,149.4542,95.07429547395388,71.29189148636803,279.5678431372549,8.624964749484429,0.6283475661827498,0.4565083007647813,30.472530600626243,22.84996521998975,279,15.481798715203427,54.856296504080895,,,50.91304347826087,9.834600530216406,1,0,1,0,0,0,,1
300012284, ozero Lizhmozero,Russian Federation,2.1,62.6514,34.0542,39.42642487046632,24.883805167875064,153.94508009153319,7.407160727408274,0.44474559585492224,0.3013218107570851,19.42188417264351,12.258032102401497,199,7.19,25.304907517010303,,,83.91304347826087,15.005795981669158,1,0,0,0,0,0,N4,1
300012336, Sundozero,Russian Federation,2.3,62.3958,33.8125,39.30497180932855,22.778572272107304,104.44296839212093,3.2285852015511907,0.4605786776012302,0.3162705590139053,36.39349241604495,21.091270622321577,183,6.920600858369099,22.29441423488712,,,84.82608695652173,15.089587541543773,1,0,0,0,0,0,N4,1
300012341, Pyalozero,Russian Federation,1.5,62.3042,33.7208,11.542586750788644,6.327094386404652,39.37843137254902,1.183571938890297,0.3533446372239748,0.24321475011857965,28.85646687697161,15.817735966011641,222,9.31201044386423,28.124964276250395,,,55.130434782608695,15.621384957300991,1,0,0,0,0,0,N4,1
300015376, Siwa,Egypt,1.9,29.2125,25.4542,13.129245099941782,6.106074557284295,39.73057371096587,0.6454392787489017,0.5596601979429459,0.35228373668794444,32.82311274985445,15.265186393210735,17,1.9275964391691394,1.9675659043296352,,,224.04347826086956,52.30459588781986,1,0,0,1,1,0,,0
300016649, lake Rotorua,New Zealand,3.1,-38.0625,176.2514,50.775862068965516,31.017743247415,127.207779886148,0.9303100695788237,0.3072614097363083,0.20425099399624952,39.66864224137931,24.232611912042966,18,2.611013473930873,2.264019390387985,4234.0,2.0,171.47826086956522,30.16902319390385,1,1,0,0,1,0,,0
